schema_version,record_grain,candidate_id,source_index,source_name,source_description,source_geometry_type_original,score_interpretation,geometry_interpretation,geophysics_interpretation,angular_continuity,annular_relief_normalized,best_radius_ratio,centre_match,centre_shift_ratio,crust1_cell_lat,crust1_cell_lon,crust1_context_only,crust1_crust_thickness_km,crust1_lower_crust_density,crust1_lower_crust_vp,crust1_sediment_thickness_km,crust1_upper_crust_density,crust1_upper_crust_vp,crust1_water_thickness_km,data_quality,diameter_km,followup_score,geology_boundary_coincidence,geology_boundary_crossings,geology_independence,geology_nearby_boundaries,geology_nearby_types,geometry_angular_coverage,geometry_relative_radial_mad,gravity_bouguer_angular_continuity,gravity_bouguer_annular_anomaly_robust,gravity_bouguer_annular_gradient_enrichment,gravity_bouguer_central_annular_contrast,gravity_bouguer_central_anomaly_robust,gravity_bouguer_diameter_pixels,gravity_bouguer_radial_alignment,gravity_bouguer_ring_score,gravity_bouguer_valid_fraction,gravity_disturbance_angular_continuity,gravity_disturbance_annular_anomaly_robust,gravity_disturbance_annular_gradient_enrichment,gravity_disturbance_central_annular_contrast,gravity_disturbance_central_anomaly_robust,gravity_disturbance_diameter_pixels,gravity_disturbance_radial_alignment,gravity_disturbance_ring_score,gravity_disturbance_valid_fraction,gravity_freeair_angular_continuity,gravity_freeair_annular_anomaly_robust,gravity_freeair_annular_gradient_enrichment,gravity_freeair_central_annular_contrast,gravity_freeair_central_anomaly_robust,gravity_freeair_diameter_pixels,gravity_freeair_radial_alignment,gravity_freeair_ring_score,gravity_freeair_valid_fraction,gravity_isostatic_angular_continuity,gravity_isostatic_annular_anomaly_robust,gravity_isostatic_annular_gradient_enrichment,gravity_isostatic_central_annular_contrast,gravity_isostatic_central_anomaly_robust,gravity_isostatic_diameter_pixels,gravity_isostatic_radial_alignment,gravity_isostatic_ring_score,gravity_isostatic_valid_fraction,hough_percentile,lat,lon,magnetic_angular_continuity,magnetic_annular_anomaly_robust,magnetic_annular_gradient_enrichment,magnetic_central_annular_contrast,magnetic_central_anomaly_robust,magnetic_diameter_pixels,magnetic_radial_alignment,magnetic_ring_score,magnetic_valid_fraction,name,native_diameter_pixels,radial_alignment,radius_km,radius_match,rank,relief_score,sample_cols,sample_rows,sediment_angular_continuity,sediment_annular_anomaly_robust,sediment_annular_gradient_enrichment,sediment_central_annular_contrast,sediment_central_anomaly_robust,sediment_diameter_pixels,sediment_radial_alignment,sediment_ring_score,sediment_valid_fraction,source_stride_x,source_stride_y,terrain_iqr_m,tid_annulus_transition_fraction,tid_artifact_risk,tid_background_transition_fraction,tid_direct_fraction,tid_dominant_flag,tid_dominant_fraction,tid_land_fraction,tid_modelled_fraction,tid_normalized_entropy,tid_transition_angular_coverage,tid_transition_enrichment,tid_unique_flags,tid_valid_fraction,topography_score,topography_score_unweighted,geophysical_review_rank,review_tier,domain,gravity_consensus_percentile,magnetic_ring_score_stratified_percentile,structure_id,structure_is_representative,structure_structure_review_rank,structure_representative_candidate_id,structure_representative_name,structure_lon,structure_lat,structure_radius_km,structure_diameter_km,structure_member_count,structure_member_candidate_ids,structure_radius_min_km,structure_radius_max_km,structure_followup_score,structure_review_tier,structure_domain,structure_geology_independence,structure_geology_boundary_coincidence,structure_geology_nearby_types,structure_tid_artifact_risk,structure_active_fault_coverage,structure_nearest_active_fault_km,structure_nearest_active_fault_name,structure_nearest_active_fault_slip_type,structure_fault_length_within_radius_km,structure_fault_intersects_candidate,structure_fault_search_degrees,structure_active_fault_proximity_ratio,structure_fault_control_flag,manual_capture_complete,manual_review_status,manual_interpreter,manual_review_date,manual_source_type,manual_source_title,manual_source_uri,manual_source_accessed_date,manual_source_scale_or_resolution,manual_imagery_provider,manual_imagery_scene_id,manual_imagery_acquisition_date,manual_imagery_resolution_m,manual_original_trace_available,manual_original_trace_reference,manual_trace_confidence,manual_angular_extent_degrees,manual_feature_class,manual_geologic_unit,manual_lithology,manual_stratigraphic_age,manual_structural_setting,manual_geological_boundary_description,manual_endogenic_alternative,manual_candidate_interpretation,manual_inclusion_reason,manual_exclusion_reason,manual_outcrop_accessibility,manual_field_priority,manual_field_checked,manual_shock_evidence,manual_sample_or_core_reference,manual_citation,manual_validation_notes,manual_notes,morphology_score_used,gravity_consensus_used,gravity_morphology_agreement,tid_cleanliness,gravity_first_review_score,gravity_strong,gravity_weak,magnetic_supporting,magnetic_discordant,tid_risk_high,large_scale_regime,sub_10km_resolution_warning,magnetic_evidence_available,gravity_first_score_interpretation,gravity_first_rank
1.0.0,one original arcuate geometry,arc_0371,371,#359,,MultiPolygon,follow-up priority; not impact probability,visually identified arcuate geometry; not a confirmed crater or shock boundary,screening concordance; circular anomalies are physically plausible but non-diagnostic,0.9166666666666666,2.0953994867766688,0.78,0.6003730411984044,0.1,56.5,-10.5,1,13.240000128746033,3.049999952316284,7.099999904632568,2.4000000059604645,2.549999952316284,5.0,2.109999895095825,1.0,39.896920401375986,0.8152731983636461,0.0,0.0,1.0,0.0,,1.0,0.0085104646024001,0.6111111111111112,0.2782286887696086,2.032513102196901,1.557828522412695,1.8360572111823037,14.483298761370378,0.5989544012608581,0.4757977490197079,1.0,0.6666666666666666,-0.4475205767914855,1.716903060177236,2.1540836745392618,1.706563097747776,14.483298761370378,0.5916684501997342,0.4562669108332798,1.0,0.75,-0.1137935921521072,3.254454408566633,2.0966503500419784,1.9828567578898713,14.483298761370378,0.6343594232452192,0.5516695525256728,1.0,0.5833333333333334,0.2620493077460025,1.7237067823244092,1.4993172613010883,1.761366569047091,14.483298761370378,0.571564217953631,0.4356796332350204,1.0,0.9666666666666668,56.471477129112166,-10.30120936034813,0.5277777777777778,-0.1284481404761445,1.2230963253809068,-0.2602465907770391,-0.3886947312531837,14.483284947533075,0.1714458475510512,0.2984888811236647,1.0,#359,115.86627958041282,0.6275350732927145,19.948460200687993,0.1509774184559147,6.0,0.9701828814345071,273.0,151.0,0.0,-0.4545982195724225,1.0574898082794286,-0.9187248017645404,-1.373323021336963,5.793313979014712,0.7049744135657351,0.0353729488927071,1.0,1.0,1.0,98.9932861328125,0.0,0.0,0.0,1.0,17,1.0,0.0,0.0,-0.0,0.0,0.0,1,1.0,0.7631707671328797,0.7631707671328797,2,A_cross_layer,ocean,1.0,1.0,structure_0006,1,6,arc_0371,#359,-10.30120936034814,56.471477129112166,19.948460200687993,39.896920401375986,1,arc_0371,19.948460200687993,19.948460200687993,0.8152731983636461,A_cross_layer,ocean,1.0,0.0,,0.0,1,959.346061717355,,Sinistral_Transform,0.0,0,10,48.09123371257841,no_mapped_active_fault_within_radius,False,,,,,,,,,,,,,,,,,,,,,,,,,,,,,,,,,,,0.8152731983636461,1.0,0.8982374654113368,1.0,0.9168729392636408,True,False,True,False,False,False,False,True,review priority; not impact probability,1
1.0.0,one original arcuate geometry,arc_0674,674,#657,,MultiPolygon,follow-up priority; not impact probability,visually identified arcuate geometry; not a confirmed crater or shock boundary,screening concordance; circular anomalies are physically plausible but non-diagnostic,0.6805555555555556,0.3985158853506797,1.0200000000000002,0.6003730411984044,0.1,-31.5,150.5,1,38.55000114440918,2.950000047683716,7.0,0.3000000119209289,2.7899999618530273,6.300000190734863,0.0,1.0,157.67491440694593,0.764737408691644,0.0404679800040876,2.0,0.9595320199959124,3.0,orogenic belt;volcanic arc,1.0,0.0087719753714788,0.6111111111111112,-0.1149852549983762,1.4120359917660883,0.489094658415459,0.3741094034170827,45.976246246929065,0.0543685117125767,0.5154633933698969,1.0,0.6388888888888888,0.281019017497261,1.8900154022006057,-0.892903415155316,-0.611884397658055,45.976246246929065,0.1951764355976125,0.6461873890930394,1.0,0.6666666666666666,0.2030229689282277,1.659452368314918,-0.5812477880716724,-0.3782248191434448,45.976246246929065,0.2231503731145531,0.6207843039425924,1.0,0.5833333333333334,0.0434117680519156,1.3811842062993724,0.243805773704444,0.2872175417563596,45.976246246929065,0.0632457680631829,0.4993553085516717,1.0,1.0,-31.136242573108287,150.49928347184633,0.3611111111111111,-0.1178080853503109,1.0824369532732638,0.3790524752726369,0.2612443899223259,45.980805967874325,-0.1304250168695698,0.3032397258630153,1.0,#657,367.84644774315143,-0.0037230446211405,78.83745720347297,0.984496437005408,52.0,0.3786783806656507,348.0,298.0,,,,,,18.39232238715051,,,0.0,2.0,2.0,166.80557250976562,0.0,0.0,0.0,0.0,0,1.0,1.0,0.0,-0.0,0.0,0.0,1,1.0,0.7097953388365938,0.7097953388365938,19,A_cross_layer,land,0.9931506849315068,0.3287671232876712,structure_0052,1,52,arc_0674,#657,150.4992834718463,-31.13624257310829,78.83745720347297,157.67491440694593,1,arc_0674,78.83745720347297,78.83745720347297,0.764737408691644,A_cross_layer,land,0.9595320199959124,0.0404679800040876,orogenic belt;volcanic arc,0.0,1,200.84030040564224,Maitland Scarp,Reverse,0.0,0,2,2.54752382344461,no_mapped_active_fault_within_radius,False,,,,,,,,,,,,,,,,,,,,,,,,,,,,,,,,,,,0.764737408691644,0.9931506849315068,0.8641044717123733,1.0,0.8910496421304179,True,False,False,False,False,False,False,True,review priority; not impact probability,2
1.0.0,one original arcuate geometry,arc_0687,687,#670,,MultiPolygon,follow-up priority; not impact probability,visually identified arcuate geometry; not a confirmed crater or shock boundary,screening concordance; circular anomalies are physically plausible but non-diagnostic,0.7083333333333334,0.5870625455690005,1.0600000000000005,0.6003730411984044,0.1,49.5,14.5,1,34.81999969482422,2.859999895095825,6.599999904632568,0.0,2.740000009536743,6.099999904632568,0.0,1.0,254.38124575736512,0.7712053900434495,0.0701585522732652,3.0,0.9298414477267348,6.0,accretionary complex;foredeep basin;orogenic belt;volcanic arc,1.0,0.0010335474917425,0.5833333333333334,0.1810788441003838,1.341842206851272,-0.1519864334657,0.0290924106346837,85.33702232335155,0.1470726117100196,0.5036406879038346,1.0,0.7777777777777778,0.367202127496306,1.851967351428575,-0.5291420969419842,-0.1619399694456781,85.33702232335155,0.2266327389204534,0.6945117103314941,1.0,0.6666666666666666,0.4712836147171111,1.4886703723570331,-0.5955399052713206,-0.1242562905542095,85.33702232335155,0.2342101683212446,0.5852682588379816,1.0,0.5833333333333334,0.3775598286057439,1.3258448828218985,-0.3580962284215161,0.0194636001842277,85.33702232335155,0.1454387113613926,0.4990531290005724,1.0,1.0,49.69813380055884,14.709196100985364,0.4444444444444444,-0.0425044183223317,1.2141584420695388,-0.0127314173407451,-0.0552358356630768,85.33572018373127,-0.1995815271325549,0.3589117989280299,1.0,#670,682.6857614704504,0.1042087218065736,127.19062287868256,0.8688150562628421,43.0,0.5277796715692253,496.0,481.0,,,,,,34.134288073487596,,,0.0,3.0,2.0,167.44602966308594,0.0,0.0,0.0,0.0,0,1.0,1.0,0.0,-0.0,0.0,0.0,1,1.0,0.7264618865943178,0.7264618865943178,16,A_cross_layer,land,0.9836065573770492,0.7049180327868853,structure_0043,1,43,arc_0687,#670,14.709196100985366,49.69813380055884,127.19062287868256,254.38124575736512,1,arc_0687,127.19062287868256,127.19062287868256,0.7712053900434495,A_cross_layer,land,0.9298414477267348,0.0701585522732652,accretionary complex;foredeep basin;orogenic belt;volcanic arc,0.0,1,144.8912316861728,,Sinistral,0.0,0,2,1.139165988866754,no_mapped_active_fault_within_radius,False,,,,,,,,,,,,,,,,,,,,,,,,,,,,,,,,,,,0.7712053900434495,0.9836065573770492,0.8645515319704972,1.0,0.8896653763392244,True,False,False,False,False,False,False,True,review priority; not impact probability,3
1.0.0,one original arcuate geometry,arc_1088,1088,#1086,,,follow-up priority; not impact probability,visually identified arcuate geometry; not a confirmed crater or shock boundary,screening concordance; circular anomalies are physically plausible but non-diagnostic,0.375,0.4937416472718215,0.98,1.0,0.0,58.5,101.5,1,35.20000076293945,2.9200000762939453,6.900000095367432,6.799999952316284,2.740000009536743,6.099999904632568,0.0,1.0,147.20665327601853,0.7887634961415881,0.0,0.0,1.0,0.0,,1.0,0.0052309239235593,0.5555555555555556,0.1454198446173624,1.3241589183563074,-0.4649957841526755,-0.3195759395353131,54.831053693440005,0.220349886886128,0.5019844492283436,1.0,0.7777777777777778,-0.5546139041766553,1.54199287953594,0.5578907628942055,0.00327685871755,54.831053693440005,0.3283891988349203,0.6530388379747747,1.0,0.6111111111111112,-0.3594761232592608,1.4271717818680518,0.1259590124899458,-0.233517110769315,54.831053693440005,0.2971082515614877,0.5617693386554949,1.0,0.5555555555555556,0.0124709003254976,1.3277309417138203,-0.4009868156619172,-0.3885159153364195,54.831053693440005,0.228280268434502,0.5043376281910048,1.0,1.0,58.35396299967667,101.64635137157296,0.3888888888888889,-0.2941251218357698,1.0452278426063892,0.0473927490388941,-0.2467323727968756,54.830217037960736,0.1133742704186598,0.3445107171635355,1.0,#1086,438.6417363040599,0.1511363362673477,73.60332663800926,0.9844964370054086,23.0,0.457181078794535,354.0,278.0,,,,,,21.93208681518429,,,0.0,3.0,2.0,68.36810302734375,0.0,0.0,0.0,0.0,0,1.0,1.0,0.0,-0.0,0.0,0.0,1,1.0,0.7291839694122925,0.7291839694122925,11,A_cross_layer,land,0.9657534246575342,0.5342465753424658,structure_0023,1,23,arc_1088,#1086,101.64635137157296,58.35396299967667,73.60332663800926,147.20665327601853,1,arc_1088,73.60332663800926,73.60332663800926,0.7887634961415881,A_cross_layer,land,1.0,0.0,,0.0,1,579.5846900279203,Central Sayan Fault,Sinistral,0.0,0,5,7.874436068336872,no_mapped_active_fault_within_radius,False,,,,,,,,,,,,,,,,,,,,,,,,,,,,,,,,,,,0.7887634961415881,0.9657534246575342,0.8683313778434659,1.0,0.8895326143596051,True,False,False,False,False,False,False,True,review priority; not impact probability,4
1.0.0,one original arcuate geometry,arc_1105,1105,#1101,,,follow-up priority; not impact probability,visually identified arcuate geometry; not a confirmed crater or shock boundary,screening concordance; circular anomalies are physically plausible but non-diagnostic,0.8611111111111112,0.5049318397785677,0.9000000000000001,0.6003730411984044,0.1,38.5,-12.5,1,7.439999938011169,3.049999952316284,7.099999904632568,1.600000023841858,2.549999952316284,5.0,4.670000076293945,1.0,361.0976902676189,0.7588566067649023,0.1077421141776848,5.0,0.8922578858223151,3.0,oceanic crust;passive margin,1.0,0.0012819632709441,0.6388888888888888,0.5794131929465749,1.5318954612944888,-0.245010663143288,0.3344025298032868,109.79913987696592,0.0909309837901596,0.5605726305374966,1.0,0.8333333333333334,0.1513481753323255,2.4877597714525255,-0.7046158853657152,-0.5532677100333896,109.79913987696592,0.0903766757273701,0.7533560935557014,1.0,0.8055555555555556,0.3830347452568712,2.1539220615647743,-0.7823313047120348,-0.3992965594551635,109.79913987696592,0.1677440107066071,0.7320144096883296,1.0,0.6388888888888888,0.5061557693476963,1.5752238447507754,-0.958195716109542,-0.4520399467618458,109.79913987696592,0.1524385017483522,0.5810434567756714,1.0,1.0,38.06887838602087,-12.158689207324755,0.4166666666666667,-0.3377588288791662,1.0253379895717794,0.2055638167074467,-0.1321950121717194,109.79903515307124,-0.0588909712777034,0.3181271839152317,1.0,#1101,878.392281224445,0.1071533960064306,180.54884513380944,0.6766338461617297,66.0,0.4659869405225581,434.0,455.0,0.4166666666666667,-0.5519539004549291,0.8133308910374185,1.0740942539286364,0.5221403534737072,43.91961406124347,0.3400739066737516,0.3779436402116138,0.9936830541060148,4.0,3.0,1009.0557861328124,0.0018153812300583,0.0134886670682448,0.0246740386202343,0.9920324198090528,11,0.9753966618586442,0.0067999175767566,0.0011676626141905,0.0755466530571838,0.0,0.073574547644972,6,1.0,0.7212306049794782,0.7212306049794782,23,A_cross_layer,ocean,0.9941176470588236,0.4470588235294118,structure_0066,1,66,arc_1105,#1101,-12.158689207324755,38.06887838602087,180.54884513380944,361.0976902676189,1,arc_1105,180.54884513380944,180.54884513380944,0.7588566067649023,A_cross_layer,ocean,0.8922578858223151,0.1077421141776848,oceanic crust;passive margin,0.0134886670682448,1,132.5102153325543,,Reverse,311.64747526418216,1,2,0.7339300078842794,intersects_active_fault,False,,,,,,,,,,,,,,,,,,,,,,,,,,,,,,,,,,,0.7588566067649023,0.9941176470588236,0.8607003128843752,0.9865113329317552,0.8874895475138522,True,False,False,False,False,False,False,True,review priority; not impact probability,5
1.0.0,one original arcuate geometry,arc_0795,795,#789,,MultiPolygon,follow-up priority; not impact probability,visually identified arcuate geometry; not a confirmed crater or shock boundary,screening concordance; circular anomalies are physically plausible but non-diagnostic,0.7638888888888888,0.6549035879845909,0.96,0.6003730411984044,0.1,-29.5,131.5,1,38.920000076293945,2.9200000762939453,6.900000095367432,2.5,2.740000009536743,6.099999904632568,0.0,1.0,91.18548522756274,0.7723501196093109,0.2044866620049036,4.0,0.7955133379950964,2.0,shield,1.0,0.0058136753947409,0.6666666666666666,0.1353726713517113,1.6738624321381432,-0.2102589677103755,-0.0748862963586642,26.401477320721643,0.0786052780565831,0.5983437104559522,1.0,0.75,0.3113869296759212,2.6213354098983195,-0.7225464780029063,-0.411159548326985,26.401477320721643,0.4309477272340352,0.7903611646486902,1.0,0.7222222222222222,0.2915560630568817,1.9602356341693885,-0.4772219040525175,-0.1856658409956357,26.401477320721643,0.0625797756924859,0.6620438247268431,1.0,0.6666666666666666,0.1478746309469469,1.7234956574589544,-0.229678382191563,-0.0818037512446161,26.401477320721643,0.0786862587801859,0.6078244061227619,1.0,1.0,-29.758999127292764,131.6253270694545,0.4722222222222222,0.0290913117138166,1.0865885695527724,0.2744705309819725,0.3035618426957892,26.4040957025808,0.200889004537304,0.4013451980711667,1.0,#789,211.2327656206464,0.2271511074940991,45.59274261378137,0.939413062813476,41.0,0.5749617753017935,396.0,344.0,,,,,,10.56163828103277,,,0.0,1.0,1.0,22.49639129638672,0.0,0.0,0.0,0.0,0,1.0,1.0,0.0,-0.0,0.0,0.0,1,1.0,0.7658169041671663,0.7658169041671663,15,A_cross_layer,land,0.9744897959183674,0.7244897959183674,structure_0041,1,41,arc_0795,#789,131.6253270694545,-29.758999127292764,45.59274261378137,91.18548522756274,1,arc_0795,45.59274261378137,45.59274261378137,0.7723501196093109,A_cross_layer,land,0.7955133379950964,0.2044866620049036,shield,0.0,1,2.5402430391265893,Maralinga Scarp,Reverse,51.540047089046865,1,2,0.0557159515637198,intersects_active_fault,False,,,,,,,,,,,,,,,,,,,,,,,,,,,,,,,,,,,0.7723501196093109,0.9744897959183674,0.8617244244825346,1.0,0.8860779619874553,True,False,False,False,False,False,False,True,review priority; not impact probability,6
1.0.0,one original arcuate geometry,arc_0437,437,#431,,MultiPolygon,follow-up priority; not impact probability,visually identified arcuate geometry; not a confirmed crater or shock boundary,screening concordance; circular anomalies are physically plausible but non-diagnostic,0.6666666666666666,0.4642115138601633,0.96,0.6003730411984044,0.1,20.5,178.5,1,6.4599997997283936,3.049999952316284,7.099999904632568,0.1000000014901161,2.549999952316284,5.0,4.190000057220459,1.0,182.32914686449115,0.7850270697714451,0.0,0.0,1.0,0.0,,1.0,0.0054739950729895,0.7222222222222222,-0.0877898769624588,1.8350180232779896,0.8600853846748538,0.7722955077123951,50.7869257631428,0.1643890996750319,0.6614942464434045,1.0,0.7222222222222222,0.1325323444288407,2.828475579018104,-0.821215886606719,-0.6886835421778782,50.7869257631428,0.2402674327908711,0.7547275959575064,1.0,0.6111111111111112,0.1261297789450218,1.879753687489271,-0.3479385449324486,-0.2218087659874267,50.7869257631428,0.1131757797778069,0.6205834213451523,1.0,0.75,0.0231355720460207,1.6569592541353848,0.286283162741586,0.3094187347876068,50.7869257631428,0.0819086704914367,0.6247348925529668,1.0,1.0,20.284956272714496,178.06333827217648,0.2777777777777778,-0.1566278477823812,1.0388119164416407,0.8000905065297964,0.6434626587474152,50.7919625860253,0.1343962493400762,0.307379297819161,1.0,#431,406.3357006882024,0.1456669746135842,91.16457343224558,0.939413062813476,28.0,0.4335104850283525,367.0,345.0,0.1666666666666666,-0.0584101585549961,0.7669327923576417,-0.2244292709842058,-0.2828394295392019,20.316785034411858,-0.08816088300266,0.2179051788078677,1.0,2.0,2.0,468.8070068359375,0.0826820238584944,0.1366466038186858,0.1109311949006605,0.4166206622074437,40,0.5833793377925562,0.0,0.5833793377925562,0.6591790159379592,0.0,0.7453451117382863,4,1.0,0.7243936791941604,0.7243936791941604,12,A_cross_layer,ocean,0.9850746268656716,0.5373134328358209,structure_0028,1,28,arc_0437,#431,178.06333827217645,20.284956272714496,91.16457343224558,182.32914686449115,1,arc_0437,91.16457343224558,91.16457343224558,0.7850270697714451,A_cross_layer,ocean,1.0,0.0,,0.1366466038186858,1,3176.262517858273,,Subduction_Thrust,0.0,0,40,34.84097383748418,no_mapped_active_fault_within_radius,False,,,,,,,,,,,,,,,,,,,,,,,,,,,,,,,,,,,0.7850270697714451,0.9850746268656716,0.8737466884571795,0.8633533961813142,0.8828811031048339,True,False,False,False,False,False,False,True,review priority; not impact probability,7
1.0.0,one original arcuate geometry,arc_0697,697,#680,,MultiPolygon,follow-up priority; not impact probability,visually identified arcuate geometry; not a confirmed crater or shock boundary,screening concordance; circular anomalies are physically plausible but non-diagnostic,0.5972222222222222,0.7782284791808856,0.9000000000000001,0.6003730411984044,0.1,72.5,96.5,1,30.000000953674316,2.9200000762939453,6.900000095367432,9.0,2.740000009536743,6.099999904632568,0.0,1.0,48.98201640063173,0.7529407477165038,0.0,0.0,1.0,0.0,,1.0,0.0095160055399475,0.6388888888888888,-0.7146266556265617,1.470538383648804,0.4671466218615691,-0.2474800337649926,24.429746464590856,0.1475606471337481,0.5560244892021579,1.0,0.5277777777777778,0.4686345420779982,1.421096130980097,-0.9977412676269092,-0.529106725548911,24.429746464590856,0.2049472045264657,0.5149440214495722,1.0,0.4444444444444444,-0.1777308827082953,1.1652675014409923,-0.4919434371759923,-0.6696743198842877,24.429746464590856,-0.0595688396971682,0.3692647359610426,1.0,0.6388888888888888,-0.7146699610643737,1.454217803934627,0.4428540729725975,-0.2718158880917762,24.429746464590856,0.1588545473217124,0.5540186167490341,1.0,1.0,72.9844766967259,96.32263092501,0.3333333333333333,-0.5589581639852599,0.7210765347099725,-0.3756326485108192,-0.9345908124960792,24.42937369624409,0.0978392519111223,0.3087885357511131,1.0,#680,195.4349895701194,0.0317916095592957,24.491008200315864,0.6766338461617297,78.0,0.6516887231374651,317.0,185.0,,,,,,9.771749478497636,,,0.0,2.0,1.0,30.645946502685547,0.0,0.0,0.0,0.0,0,1.0,1.0,0.0,-0.0,0.0,0.0,1,1.0,0.6832573688673126,0.6832573688673126,25,A_cross_layer,land,0.968503937007874,0.905511811023622,structure_0078,1,78,arc_0697,#680,96.32263092501,72.9844766967259,24.491008200315864,48.98201640063173,1,arc_0697,24.491008200315864,24.491008200315864,0.7529407477165038,A_cross_layer,land,1.0,0.0,,0.0,1,1172.3890793604144,,Spreading_Ridge,0.0,0,20,47.870184427331736,no_mapped_active_fault_within_radius,False,,,,,,,,,,,,,,,,,,,,,,,,,,,,,,,,,,,0.7529407477165038,0.968503937007874,0.8472256877819382,1.0,0.87465010812597,True,False,True,False,False,False,False,True,review priority; not impact probability,8
1.0.0,one original arcuate geometry,arc_0605,605,#592,,MultiPolygon,follow-up priority; not impact probability,visually identified arcuate geometry; not a confirmed crater or shock boundary,screening concordance; circular anomalies are physically plausible but non-diagnostic,0.5833333333333334,0.3188631005958803,1.0000000000000002,1.0,0.0,64.5,-153.5,1,34.000000953674316,2.9100000858306885,6.900000095367432,0.0,2.6700000762939453,5.900000095367432,0.0,1.0,44.901273678746655,0.7997283841480101,0.0,0.0,1.0,2.0,accretionary complex;passive margin,1.0,0.004742425884454,0.5,-0.065005582475093,1.3030959982686967,0.3074567819557959,0.2424511994807029,18.36072727079913,0.0122398426679044,0.3952655247162213,1.0,0.3888888888888889,0.249364125861935,0.9529842582188108,-0.4003724135648913,-0.1510082877029562,18.36072727079913,0.0367817286847327,0.2850136864415748,1.0,0.4166666666666667,0.3246660648733225,1.1544514922759015,-0.23987691320134,0.0847891516719825,18.36072727079913,-0.1120200583005127,0.3116280554001098,1.0,0.5,-0.0669200520957693,1.3074688354079886,0.3245332617248305,0.2576132096290612,18.36072727079913,0.012024232319898,0.3963058432531902,1.0,1.0,64.19981714167872,-153.36086735654683,0.1944444444444444,0.464758632331813,0.7693163187490373,-0.57504742885578,-0.1102887965239669,18.3625482065984,-0.2425937450934882,0.1800719294254025,1.0,#592,146.90038565291246,0.0616138435324453,22.450636839373328,1.0,20.0,0.3084785691458105,389.0,170.0,,,,,,7.345019282638106,,,0.0,1.0,1.0,153.50196838378906,0.0,0.0,0.0,0.0,0,1.0,1.0,0.0,-0.0,0.0,0.0,1,1.0,0.7432415181384745,0.7432415181384745,10,A_cross_layer,land,0.9173228346456692,0.5748031496062992,structure_0020,1,20,arc_0605,#592,-153.36086735654683,64.19981714167872,22.450636839373328,44.901273678746655,1,arc_0605,22.450636839373328,22.450636839373328,0.7997283841480101,A_cross_layer,land,1.0,0.0,accretionary complex;passive margin,0.0,1,76.41139855887899,,Strike-Slip,0.0,0,2,3.403529223049509,no_mapped_active_fault_within_radius,False,,,,,,,,,,,,,,,,,,,,,,,,,,,,,,,,,,,0.7997283841480101,0.9173228346456692,0.854498806166834,1.0,0.8726730484571558,True,False,False,False,False,False,False,True,review priority; not impact probability,9
1.0.0,one original arcuate geometry,arc_0899,899,#898,,MultiPolygon,follow-up priority; not impact probability,visually identified arcuate geometry; not a confirmed crater or shock boundary,screening concordance; circular anomalies are physically plausible but non-diagnostic,0.6805555555555556,0.3886480460818513,0.98,0.3604477885978211,0.1414213562373095,44.5,23.5,1,30.979999542236328,2.859999895095825,6.599999904632568,2.5,2.740000009536743,6.099999904632568,0.0,1.0,274.1282958133686,0.7467917655129288,0.0527522538241871,2.0,0.9472477461758128,2.0,shield;volcanic arc,1.0,0.0137453456994236,0.6111111111111112,0.1532566866088806,1.338942517129632,0.3350169399597106,0.4882736265685912,87.39022998284317,0.0207653110302666,0.4904827156887595,1.0,0.6666666666666666,0.0503777118258823,1.9985066079019296,-0.6786173680405384,-0.628239656214656,87.39022998284317,0.1711994438450386,0.6665831127797601,1.0,0.6111111111111112,0.076695637068387,1.5318404402168868,-0.339478101145294,-0.262782464076907,87.39022998284317,0.1702373616588853,0.5647164298156467,1.0,0.6111111111111112,0.2089138268410504,1.3707652683017544,-0.1370427313344647,0.0718710955065856,87.39022998284317,0.0576103009910451,0.5053689626102037,1.0,1.0,44.2540007543104,23.86522086112399,0.3888888888888889,-0.0812796945819347,1.073613297377802,-0.5591365506926949,-0.6404162452746296,87.38889651375803,-0.0061336379059718,0.3320819095279582,1.0,#898,699.1111721106977,0.0804187487924808,137.0641479066843,0.9844964370054086,88.0,0.3701941350452202,482.0,346.0,,,,,,34.955558605499114,,,0.0,3.0,3.0,205.20856094360352,0.0,0.0,0.0,0.0,0,1.0,1.0,0.0,-0.0,0.0,0.0,1,1.0,0.6902528991721154,0.6902528991721154,88,D_background,land,0.9672131147540984,0.5573770491803278,structure_0088,1,88,arc_0899,#898,23.782843870533043,44.161313451412475,138.96885692878664,277.93771385757327,2,arc_0896;arc_0899,137.0641479066843,140.87356595088897,0.7467917655129288,D_background,land,0.9472477461758128,0.0527522538241871,shield;volcanic arc,0.0,1,76.01420004915067,,Sinistral-Normal,295.69971061603394,1,2,0.5469873015369442,intersects_active_fault,False,,,,,,,,,,,,,,,,,,,,,,,,,,,,,,,,,,,0.7467917655129288,0.9672131147540984,0.8428293266958994,1.0,0.8713021961201622,True,False,False,False,False,False,False,True,review priority; not impact probability,10
1.0.0,one original arcuate geometry,arc_0892,892,#891,,MultiPolygon,follow-up priority; not impact probability,visually identified arcuate geometry; not a confirmed crater or shock boundary,screening concordance; circular anomalies are physically plausible but non-diagnostic,0.5833333333333334,0.4227132087909751,1.0600000000000005,0.6003730411984044,0.1,38.5,33.5,1,34.86999988555908,2.8499999046325684,6.599999904632568,1.5,2.7200000286102295,6.0,0.0,1.0,322.5825445015026,0.7363604049923056,0.0850806007796312,3.0,0.9149193992203688,4.0,accretionary complex;magmatic province;volcanic arc,1.0,0.0098744841109709,0.5277777777777778,-0.4351573338310416,1.3791307835445583,0.3085867189463073,-0.1265706148847344,98.08038736275812,0.1038680649713495,0.4864848429437181,1.0,0.5555555555555556,0.4030959690127771,1.5456502123219975,-0.4960470325096325,-0.0929510634968554,98.08038736275812,0.096303459632923,0.5354734624452127,1.0,0.6111111111111112,0.2581291740062377,1.5589961588137724,-0.3770764032629994,-0.1189472292567616,98.08038736275812,0.0776472887275941,0.5546468376837345,1.0,0.5,0.1412131005761865,1.3899076128374537,0.061567525621551,0.2027806261977375,98.08038736275812,0.0983199468880727,0.4785901643901211,1.0,1.0,38.05569257234007,33.156289330863956,0.3611111111111111,-0.6527130470627689,0.9495056814816506,0.4161792462595812,-0.2365338008031877,98.07889077482176,0.1380787557838638,0.325552671151065,1.0,#891,784.6311261981281,0.0616447411089164,161.2912722507513,0.8688150562628421,112.0,0.3992136999481667,387.0,407.0,0.4722222222222222,-0.0019015591562213,1.064541626074373,-0.0198349128706817,-0.021736472026903,39.23155630992369,-0.2648769269791339,0.0275487978017002,0.0879422878735829,4.0,3.0,358.7760925292969,0.0,0.0,0.0352957396939197,0.0091413028508469,0,0.911875086076298,0.911875086076298,0.0789836110728549,0.2089325947323027,0.0,0.0,5,1.0,0.6859976117484929,0.6859976117484929,112,D_background,land,0.9736842105263156,0.5263157894736842,structure_0111,1,111,arc_0892,#891,33.156289330863956,38.05569257234007,161.2912722507513,322.5825445015026,1,arc_0892,161.2912722507513,161.2912722507513,0.7363604049923056,D_background,land,0.9149193992203688,0.0850806007796312,accretionary complex;magmatic province;volcanic arc,0.0,1,45.71541693801183,,Sinistral-Normal,1532.7995128517343,1,2,0.2834339161696264,intersects_active_fault,False,,,,,,,,,,,,,,,,,,,,,,,,,,,,,,,,,,,0.7363604049923056,0.9736842105263156,0.8385541442500026,1.0,0.8695200769833795,True,False,False,False,False,False,False,True,review priority; not impact probability,11
1.0.0,one original arcuate geometry,arc_0444,444,#439,,MultiPolygon,follow-up priority; not impact probability,visually identified arcuate geometry; not a confirmed crater or shock boundary,screening concordance; circular anomalies are physically plausible but non-diagnostic,0.6666666666666666,0.3867836181149433,0.9000000000000001,0.6003730411984044,0.1,19.5,165.5,1,6.7299999594688416,3.049999952316284,7.099999904632568,0.1599999964237213,2.549999952316284,5.0,5.079999923706055,1.0,255.9369982721824,0.743052738430854,0.0,0.0,1.0,0.0,,1.0,0.0095197820265737,0.6944444444444444,-0.2624680708513043,1.6883756288690883,0.4694070219383229,0.2069389510870186,71.10710595359868,0.0686551263879658,0.6091514413712631,1.0,0.7222222222222222,0.0252764010674799,2.7849217687451313,-0.8157312839857936,-0.7904548829183137,71.10710595359868,0.1079587163210219,0.7302371659625836,1.0,0.6388888888888888,0.0138868971426327,2.5105730358886524,-0.6763821612465526,-0.6624952641039198,71.10710595359868,0.080662177822803,0.6848391992235714,1.0,0.6111111111111112,0.134890084084196,1.6722766181564,-0.5458470508400469,-0.4109569667558508,71.10710595359868,0.0798634709922337,0.5788076297032246,1.0,1.0,19.470614412116877,165.77841038401027,0.5277777777777778,-0.2506366821852803,1.3402278893901414,0.5403023239241358,0.2896656417388555,71.11415804216267,-0.0888132636176327,0.4424841500369224,1.0,#439,568.9132643373013,0.0579043324907299,127.9684991360912,0.6766338461617297,94.0,0.3685841058037197,342.0,483.0,0.2222222222222222,-0.450203837252379,1.049025095874894,0.2119247652058039,-0.2382790720465751,28.445663216867494,-0.0098094316571209,0.2657568843313962,1.0,3.0,2.0,363.677001953125,0.0997226647784268,0.1503404249499641,0.121607269294312,0.4933834364868847,40,0.5065576186265841,5.8944886531093426e-05,0.5065576186265841,0.5576446840237659,0.0,0.8200386815452588,5,1.0,0.6705804338857102,0.6705804338857102,94,D_background,ocean,0.9925373134328358,0.9253731343283582,structure_0093,1,93,arc_0444,#439,165.77841038401027,19.470614412116877,127.9684991360912,255.9369982721824,1,arc_0444,127.9684991360912,127.9684991360912,0.743052738430854,D_background,ocean,1.0,0.0,,0.1503404249499641,1,1891.566815655286,,Subduction_Thrust,0.0,0,20,14.781503482694234,no_mapped_active_fault_within_radius,False,,,,,,,,,,,,,,,,,,,,,,,,,,,,,,,,,,,0.743052738430854,0.9925373134328358,0.8498637889162021,0.8496595750500359,0.865981480843664,True,False,True,False,False,False,False,True,review priority; not impact probability,12
1.0.0,one original arcuate geometry,arc_1214,1214,#1214,,,follow-up priority; not impact probability,visually identified arcuate geometry; not a confirmed crater or shock boundary,screening concordance; circular anomalies are physically plausible but non-diagnostic,0.7083333333333334,0.3824545309508615,0.92,1.0,0.0,-22.5,178.5,1,6.359999895095825,3.049999952316284,7.099999904632568,0.75,2.549999952316284,5.0,3.890000104904175,1.0,134.73156175614304,0.8040393140766958,0.0,0.0,1.0,0.0,,1.0,0.007979781557788,0.5555555555555556,0.3423400641008021,1.388542903315954,-0.1614944392829066,0.1808456248178954,37.75114905188037,0.1317438924134153,0.5035306449871794,1.0,0.5833333333333334,-0.158107403983528,1.8510818109348792,-0.6313051516934196,-0.7894125556769477,37.75114905188037,0.085397756998101,0.6016015372342954,1.0,0.6388888888888888,0.1026045957127042,1.526637309648066,-0.5336050790753746,-0.4310004833626703,37.75114905188037,0.0562117533017059,0.5532900999448633,1.0,0.5,0.0915878045953973,1.301612814951191,-0.5698311424720144,-0.478243337876617,37.75114905188037,0.1327749676673545,0.4610719787290571,1.0,1.0,-22.03337539867558,178.52377783324613,0.3888888888888889,0.0417365443063997,0.9631888366568642,-0.0785694535900953,-0.0368329092836956,37.754893044030474,-0.134950564167289,0.2874947623818355,1.0,#1214,302.03914435250135,0.131271024418149,67.36578087807152,0.7788007830714051,13.0,0.3648371882020469,275.0,508.0,0.5,0.0807540070002468,1.277114581878001,-0.0759754738794408,0.004778533120806,15.101957217613478,-0.2929840199344034,0.2635309993707587,1.0,2.0,1.0,122.421875,0.0549665178571428,0.1880289108034164,0.0535938590369853,0.0870009759724868,40,0.9129990240275132,0.0,0.9129990240275132,0.2567703400750077,0.0,1.0256122407459076,4,1.0,0.7487683513803793,0.7487683513803793,6,A_cross_layer,ocean,0.9387755102040816,0.3061224489795918,structure_0013,1,13,arc_1214,#1214,178.52377783324613,-22.033375398675577,67.36578087807152,134.73156175614304,1,arc_1214,67.36578087807152,67.36578087807152,0.8040393140766958,A_cross_layer,ocean,1.0,0.0,,0.1880289108034164,1,266.6932985277756,,Spreading_Ridge,0.0,0,5,3.95888379903851,no_mapped_active_fault_within_radius,False,,,,,,,,,,,,,,,,,,,,,,,,,,,,,,,,,,,0.8040393140766958,0.9387755102040816,0.8661992160962768,0.8119710891965836,0.8654637798460082,True,False,False,False,False,False,False,True,review priority; not impact probability,13
1.0.0,one original arcuate geometry,arc_0404,404,#398,,MultiPolygon,follow-up priority; not impact probability,visually identified arcuate geometry; not a confirmed crater or shock boundary,screening concordance; circular anomalies are physically plausible but non-diagnostic,0.4861111111111111,0.3355459621818772,1.0200000000000002,1.0,0.0,-11.5,-41.5,1,36.69999885559082,2.9100000858306885,6.800000190734863,0.3000000119209289,2.759999990463257,6.199999809265137,0.0,1.0,115.8526080711042,0.8009896701927551,0.0,0.0,1.0,0.0,,1.0,0.0072311314766488,0.5277777777777778,-0.1071818964586235,1.2204749435316389,-0.5243809486195362,-0.6315628450781597,31.55734497784453,0.3051428766219508,0.478213433548561,1.0,0.5277777777777778,-0.4776519750479222,1.186900906763585,0.5394290539707197,0.0617770789227974,31.55734497784453,0.4933983961212524,0.5014933276608313,1.0,0.5555555555555556,-0.4398613166245128,1.4254849488360852,0.2273002149381389,-0.2125611016863738,31.55734497784453,0.5206649251606829,0.5810231429824907,1.0,0.5555555555555556,-0.1346255575170432,1.2228171130894876,-0.4780235994762423,-0.6126491569932855,31.55734497784453,0.3054985175188691,0.4886671242897873,1.0,1.0,-11.177486899568022,-41.89770903396978,0.4444444444444444,-0.2322460836934225,1.2952865887259717,1.2077633884611,0.9755173047676774,31.55731487917458,-0.1171546341305382,0.3961514836273384,1.0,#398,252.4585190337195,0.2264960592345915,57.9263040355521,0.984496437005408,18.0,0.3234952324026521,446.0,437.0,,,,,,12.622925951674135,,,0.0,1.0,1.0,126.311279296875,0.0,0.0,0.0,0.0,0,1.0,1.0,0.0,-0.0,0.0,0.0,1,1.0,0.7448585515291732,0.7448585515291732,8,A_cross_layer,land,0.8979591836734694,0.7142857142857143,structure_0018,1,18,arc_0404,#398,-41.89770903396979,-11.177486899568022,57.9263040355521,115.8526080711042,1,arc_0404,57.9263040355521,57.9263040355521,0.8009896701927551,A_cross_layer,land,1.0,0.0,,0.0,1,1873.5936773236224,,Spreading_Ridge,0.0,0,20,32.34443675491034,no_mapped_active_fault_within_radius,False,,,,,,,,,,,,,,,,,,,,,,,,,,,,,,,,,,,0.8009896701927551,0.8979591836734694,0.8467071021477639,1.0,0.864526984239801,True,False,False,False,False,False,False,True,review priority; not impact probability,14
1.0.0,one original arcuate geometry,arc_0370,370,#299,,MultiPolygon,follow-up priority; not impact probability,visually identified arcuate geometry; not a confirmed crater or shock boundary,screening concordance; circular anomalies are physically plausible but non-diagnostic,1.0,2.518684224912253,0.72,0.6003730411984044,0.1,57.5,-11.5,1,16.450000286102295,3.0299999713897705,7.199999809265137,1.899999976158142,2.7200000286102295,6.0,1.7899999618530271,1.0,60.21127188585729,0.8107907340327524,0.0,0.0,1.0,0.0,,1.0,0.0047055428469459,0.6111111111111112,0.0531134452406662,1.7231049556585696,1.5543433040242698,1.607456749264936,22.14108697516678,0.420085715287804,0.6480525591965234,1.0,0.4444444444444444,-0.9930361434702912,1.0844501909431323,4.080224252349411,3.08718810887912,22.14108697516678,0.5167802517193343,0.4462670997300125,1.0,0.6944444444444444,-0.5464672288899419,1.6733374952523552,2.7847844045204457,2.238317175630504,22.14108697516678,0.8014051679848209,0.7344527588666745,1.0,0.6388888888888888,0.0544116802469989,1.937760943156151,1.6709508458324784,1.7253625260794774,22.14108697516678,0.4889438363234809,0.7044338307548159,1.0,0.8333333333333334,57.431545892668886,-11.11993802470171,0.2777777777777778,-0.2522441731800701,0.8050672462411101,0.5590294825226318,0.3067853093425617,22.141065857507172,0.2729028201450205,0.3199802157476008,1.0,#299,177.12852686028396,0.8065651846195343,30.105635942928647,0.0467706223839589,9.0,0.9871021042546784,422.0,227.0,0.1666666666666666,-0.0892936970237263,1.8598322230706423,-1.389283077964872,-1.4785767749885983,8.856426343005136,0.7025901982140081,0.1715344370350922,1.0,1.0,1.0,174.173828125,0.0459832296456586,0.1510796495540423,0.0558000948059863,0.9445889786126972,17,0.5830658512687097,0.0,0.0554110213873027,0.6148158588114818,0.0,0.8240708157493218,4,1.0,0.7574240179907081,0.7574240179907081,4,A_cross_layer,ocean,0.9166666666666669,0.5833333333333334,structure_0009,1,9,arc_0370,#299,-11.119938024701696,57.431545892668886,30.105635942928647,60.21127188585729,1,arc_0370,30.105635942928647,30.105635942928647,0.8107907340327524,A_cross_layer,ocean,1.0,0.0,,0.1510796495540423,1,841.53710995514,,Sinistral_Transform,0.0,0,10,27.952809618452992,no_mapped_active_fault_within_radius,False,,,,,,,,,,,,,,,,,,,,,,,,,,,,,,,,,,,0.8107907340327524,0.9166666666666669,0.860484130293579,0.8489203504459577,0.8622478653593344,True,False,False,False,False,False,False,True,review priority; not impact probability,15
1.0.0,one original arcuate geometry,arc_0896,896,#896,,MultiPolygon,follow-up priority; not impact probability,visually identified arcuate geometry; not a confirmed crater or shock boundary,screening concordance; circular anomalies are physically plausible but non-diagnostic,0.6944444444444444,0.2606834224890078,1.0000000000000002,0.3604477885978211,0.1414213562373095,44.5,23.5,1,30.979999542236328,2.859999895095825,6.599999904632568,2.5,2.740000009536743,6.099999904632568,0.0,1.0,281.7471319017779,0.7450912058110916,0.0560492854314584,2.0,0.9439507145685416,2.0,shield;volcanic arc,1.0,0.010577116832873,0.6388888888888888,-0.0345628206858447,1.2786910066570112,0.4983427824568415,0.4637799617709968,89.67790574017121,0.0720825883869772,0.4927335076113101,1.0,0.6944444444444444,0.0566916083265875,1.7838212049848683,-0.6962082779324031,-0.6395166696058155,89.67790574017121,0.2004988332799662,0.6496112046177974,1.0,0.5833333333333334,0.0240144968019471,1.3312941206033952,-0.3012492656026129,-0.2772347688006657,89.67790574017121,0.1694883046614053,0.5047320566123289,1.0,0.6666666666666666,0.1251069810116185,1.327431568808939,-0.0232879144802298,0.1018190665313887,89.67790574017121,0.0800188694449662,0.5171999482761283,1.0,1.0,44.06841460355072,23.700278866730496,0.4166666666666667,-0.0768015176827622,0.953692309470738,-0.6285159756430496,-0.7053174933258118,89.67653736392428,-0.0423590473258955,0.3134205000513016,1.0,#896,717.4122989120442,0.1271285568891052,140.87356595088897,1.0,91.0,0.2549346495953344,494.0,355.0,,,,,,35.87061494556551,,,0.0,3.0,3.0,229.2552032470703,0.0,0.0,0.0,0.0,0,1.0,1.0,0.0,-0.0,0.0,0.0,1,1.0,0.6890026264179646,0.6890026264179646,91,D_background,land,0.9473684210526316,0.4210526315789473,structure_0088,0,88,arc_0899,#898,23.782843870533043,44.161313451412475,138.96885692878664,277.93771385757327,2,arc_0896;arc_0899,137.0641479066843,140.87356595088897,0.7467917655129288,D_background,land,0.9472477461758128,0.0527522538241871,shield;volcanic arc,0.0,1,76.01420004915067,,Sinistral-Normal,295.69971061603394,1,2,0.5469873015369442,intersects_active_fault,False,,,,,,,,,,,,,,,,,,,,,,,,,,,,,,,,,,,0.7450912058110916,0.9473684210526316,0.8341420592673225,1.0,0.8616068320886755,True,False,False,False,False,False,False,True,review priority; not impact probability,16
1.0.0,one original arcuate geometry,arc_1103,1103,#1099,,,follow-up priority; not impact probability,visually identified arcuate geometry; not a confirmed crater or shock boundary,screening concordance; circular anomalies are physically plausible but non-diagnostic,0.875,0.8432911338908794,0.92,0.6003730411984044,0.1,56.5,-22.5,1,14.270000100135803,3.049999952316284,7.099999904632568,0.3000000119209289,2.549999952316284,5.0,2.140000104904175,1.0,76.24834496492694,0.8090550556572494,0.1921288184571197,2.0,0.8078711815428803,2.0,oceanic crust;passive margin,1.0,0.0052244530196943,0.5555555555555556,0.2242533551408151,1.3861756677209067,-0.1687294154549324,0.0555239396858826,27.5471764342476,0.2878204200130033,0.5302306070565299,1.0,0.8055555555555556,-0.2588498305077141,1.5022839148108262,1.3778275822615274,1.1189777517538133,27.5471764342476,0.558136553722971,0.6937917733502981,1.0,0.8888888888888888,0.0006779991291477,2.04806750217383,0.8514837383164428,0.8521617374455905,27.5471764342476,0.6249826215627369,0.8297992421320229,1.0,0.5833333333333334,0.4277894260617386,1.6617910882737523,0.1272212904053286,0.5550107164670672,27.5471764342476,0.3941095131509938,0.6220020734541896,1.0,1.0,56.103943921022136,-22.261479688280684,0.4166666666666667,0.0701096715999737,1.0810335636443635,0.5169259802365367,0.5870356518365105,27.546756097682945,-0.0169156167039398,0.342130098702854,1.0,#1099,220.37404878174544,0.5171438426631252,38.12417248246347,0.7788007830714051,10.0,0.687548331756143,258.0,288.0,0.1666666666666666,-0.4367659883771919,0.9210550825328284,0.044841054626356,-0.3919249337508358,11.018702439075994,-0.008421337343355,0.1017095959448614,1.0,2.0,1.0,155.974365234375,0.0115445163547315,0.1503434238302024,0.0140777335723341,1.0,17,0.9408426107836716,0.0,0.0,0.3240909484030886,0.0,0.8200550390738313,2,1.0,0.8093889688689946,0.8093889688689946,5,A_cross_layer,ocean,0.9166666666666669,0.75,structure_0010,1,10,arc_1103,#1099,-22.2614796882807,56.103943921022136,38.12417248246347,76.24834496492694,1,arc_1103,38.12417248246347,38.12417248246347,0.8090550556572494,A_cross_layer,ocean,0.8078711815428803,0.1921288184571197,oceanic crust;passive margin,0.1503434238302024,1,599.9863855947647,,Spreading_Ridge,0.0,0,10,15.737689411376708,no_mapped_active_fault_within_radius,False,,,,,,,,,,,,,,,,,,,,,,,,,,,,,,,,,,,0.8090550556572494,0.9166666666666669,0.8595056681797292,0.8496565761697976,0.861540432662742,True,False,True,False,False,False,False,True,review priority; not impact probability,17
1.0.0,one original arcuate geometry,arc_0547,547,#541,,MultiPolygon,follow-up priority; not impact probability,visually identified arcuate geometry; not a confirmed crater or shock boundary,screening concordance; circular anomalies are physically plausible but non-diagnostic,0.3888888888888889,0.1050891728414304,0.92,0.6003730411984044,0.1,66.5,-172.5,1,33.99000072479248,2.9100000858306885,6.900000095367432,0.0099999997764825,2.6700000762939453,5.900000095367432,0.0,1.0,48.20364223836656,0.6941976278228901,0.0,0.0,1.0,0.0,,1.0,0.0103029735292332,0.6111111111111112,-0.0673716976060209,1.2641341564185338,0.3616621534058662,0.2942904557998453,20.58474447312813,0.1866617676910815,0.4990021780039054,1.0,0.5833333333333334,0.2647670851233022,1.3108178318331942,-0.4439527777229419,-0.1791856925996397,20.58474447312813,0.0981604142448821,0.4866990171234684,1.0,0.4722222222222222,0.1861945725160132,1.3690971117498751,0.1206526363833276,0.3068472088993409,20.58474447312813,0.4166813849737119,0.5191575340458368,1.0,0.6111111111111112,-0.0287198253210679,1.2542511752074623,0.3597457868760346,0.3310259615549666,20.58474447312813,0.1914911848370015,0.4970730411601772,1.0,1.0,66.4796664811532,-172.1301145537959,0.3611111111111111,0.2270934258309207,0.99660185758445,0.4759005932906778,0.7029940191215985,20.586785977126144,0.4697742161136425,0.3835993767087763,1.0,#541,164.6942878171496,0.0533200050037125,24.10182111918328,0.7788007830714051,266.0,0.1047040152176221,456.0,182.0,,,,,,8.234714390849055,,,0.0,1.0,1.0,133.2016086578369,0.0,0.0,0.0,0.0,0,1.0,1.0,0.0,-0.0,0.0,0.0,1,1.0,0.607945676696013,0.607945676696013,266,D_background,land,0.9921259842519684,0.937007874015748,structure_0264,1,264,arc_0547,#541,-172.0904084413136,66.49885746077881,24.54057880247708,49.08115760495416,2,arc_0547;arc_0575,24.10182111918328,24.979336485770876,0.6941976278228901,D_background,land,1.0,0.0,,0.0,1,333.87767952422695,,Normal,0.0,0,10,13.605126521731671,no_mapped_active_fault_within_radius,False,,,,,,,,,,,,,,,,,,,,,,,,,,,,,,,,,,,0.6941976278228901,0.9921259842519684,0.8168438131774112,1.0,0.8588456254336864,True,False,True,False,False,False,False,True,review priority; not impact probability,18
1.0.0,one original arcuate geometry,arc_0865,865,#863,,MultiPolygon,follow-up priority; not impact probability,visually identified arcuate geometry; not a confirmed crater or shock boundary,screening concordance; circular anomalies are physically plausible but non-diagnostic,0.5277777777777778,0.2384075274250124,1.0200000000000002,0.3604477885978211,0.1414213562373095,40.5,107.5,1,40.00000095367432,2.950000047683716,7.0,3.000000096857548,2.740000009536743,6.099999904632568,0.0,1.0,279.4663141760546,0.7108484846154941,0.0719539943170766,4.0,0.9280460056829234,5.0,accretionary complex;orogenic belt;shield,1.0,0.0127320858124764,0.5555555555555556,-0.0427990455062063,1.4977752621301146,-0.0659415435841643,-0.1087405890903706,86.26363944910298,0.0535432306831755,0.5169242256521407,1.0,0.6111111111111112,-0.042569449053451,1.308423939022466,-0.049485927672649,-0.0920553767261,86.26363944910298,0.1428133015065821,0.5035820018261785,1.0,0.5555555555555556,0.0362392315409445,1.4411607760324625,-0.1015784138704065,-0.065339182329462,86.26363944910298,0.0960773235837931,0.5106398196455155,1.0,0.5833333333333334,0.0850056378884551,1.5300421646265645,-0.2246730831755723,-0.1396674452871172,86.26363944910298,0.0705570502504839,0.537138146702122,1.0,1.0,40.18272789368046,107.98938006480562,0.2777777777777778,-0.0616153804657491,1.0057089932816037,-0.0057111828031992,-0.0673265632689484,86.26232317042977,-0.1597118190163899,0.2459853332719817,1.0,#863,690.0985853640266,0.0842108880016374,139.7331570880273,0.984496437005408,190.0,0.2339910296737318,461.0,352.0,,,,,,34.50492926817191,,,0.0,3.0,3.0,201.009765625,0.0,0.0,0.0,0.0,0,1.0,1.0,0.0,-0.0,0.0,0.0,1,1.0,0.6495876453400653,0.6495876453400653,190,D_background,land,0.9736842105263156,0.0789473684210526,structure_0189,1,189,arc_0865,#863,107.98938006480564,40.18272789368046,139.7331570880273,279.4663141760546,1,arc_0865,139.7331570880273,139.7331570880273,0.7108484846154941,D_background,land,0.9280460056829234,0.0719539943170766,accretionary complex;orogenic belt;shield,0.0,1,56.95513908280797,,Normal,461.7278861335097,1,2,0.4075993147920368,intersects_active_fault,False,,,,,,,,,,,,,,,,,,,,,,,,,,,,,,,,,,,0.7108484846154941,0.9736842105263156,0.8217613674614944,1.0,0.8580397128138144,True,False,False,True,False,False,False,True,review priority; not impact probability,19
1.0.0,one original arcuate geometry,arc_0232,232,#233,,MultiPolygon,follow-up priority; not impact probability,visually identified arcuate geometry; not a confirmed crater or shock boundary,screening concordance; circular anomalies are physically plausible but non-diagnostic,0.6388888888888888,0.1990657260252356,1.0000000000000002,0.6003730411984044,0.1,42.5,-117.5,1,29.38999938964844,2.859999895095825,6.599999904632568,0.0,2.740000009536743,6.099999904632568,0.0,1.0,234.418250574108,0.7253444352292,0.1728360074676011,5.0,0.8271639925323988,3.0,magmatic province;wide rift,1.0,0.0066146294975585,0.4722222222222222,-0.0826577844067616,1.3323062336153049,-0.0268948178820243,-0.109552602288786,73.421794973048,0.0942188217555376,0.4529435232870026,1.0,0.6111111111111112,0.025135360793185,1.745039088270894,-0.0011462960927977,0.0239890647003872,73.421794973048,0.1924447018535089,0.6122207154101572,1.0,0.6666666666666666,-0.0016611166331993,1.554662090639633,-0.0170534355335929,-0.0187145521667923,73.421794973048,0.204853165554368,0.59538449518875,1.0,0.4444444444444444,-0.1023981458409938,1.309675277160761,0.1799427531899688,0.077544607348975,73.421794973048,0.0910551502245841,0.4365327035772751,1.0,1.0,42.09595542034677,-117.35179087667912,0.4166666666666667,-0.211219313864117,1.0679844223735602,0.3837821663853247,0.1725628525212076,73.42067464537008,0.0521872930032875,0.3503300727075983,1.0,#233,587.3653971631276,0.0827800488868077,117.209125287054,1.0,146.0,0.1964772774371323,398.0,443.0,,,,,,29.368269858145524,,,0.0,3.0,2.0,301.3037414550781,0.0,0.0,0.0,0.0,0,1.0,1.0,0.0,-0.0,0.0,0.0,1,1.0,0.6966260985539388,0.6966260985539388,146,D_background,land,0.959016393442623,0.6721311475409836,structure_0145,1,145,arc_0232,#233,-117.35179087667912,42.09595542034677,117.209125287054,234.418250574108,1,arc_0232,117.209125287054,117.209125287054,0.7253444352292,D_background,land,0.8271639925323988,0.1728360074676011,magmatic province;wide rift,0.0,1,30.78887644595106,Santa Rosa fault system,Normal,645.0542202235956,1,2,0.2626832712090187,intersects_active_fault,False,,,,,,,,,,,,,,,,,,,,,,,,,,,,,,,,,,,0.7253444352292,0.959016393442623,0.8259717186912997,1.0,0.8579623729023204,True,False,False,False,False,False,False,True,review priority; not impact probability,20
1.0.0,one original arcuate geometry,arc_0886,886,#885,,MultiPolygon,follow-up priority; not impact probability,visually identified arcuate geometry; not a confirmed crater or shock boundary,screening concordance; circular anomalies are physically plausible but non-diagnostic,0.7222222222222222,0.3643617748171629,0.94,0.6003730411984044,0.1,29.5,54.5,1,48.22000026702881,2.8499999046325684,6.599999904632568,0.0,2.7200000286102295,6.0,0.0,1.0,648.0160596387243,0.7101390160743544,0.3374121712701091,15.0,0.662587828729891,9.0,accretionary complex;foredeep basin;magmatic province;orogenic belt;volcanic arc,1.0,0.0168801219236344,0.7777777777777778,0.0209739419446726,1.8267696855933175,-0.6791908136567685,-0.6582168717120959,187.68283362448753,0.1783515238453225,0.6820550386754299,1.0,0.75,-0.2282821511331438,2.2336493050968245,0.752009444333614,0.5237272932004702,187.68283362448753,0.1896675884271321,0.7237822061546941,1.0,0.7222222222222222,-0.3055254757646524,1.8325049537789069,0.4855350466466705,0.1800095708820181,187.68283362448753,0.1792956102679602,0.6637001362133711,1.0,0.8055555555555556,-0.071057400550452,1.805304293731863,0.3489662945036435,0.2779088939531915,187.68283362448753,0.1634888163308785,0.6856525054896441,1.0,1.0,29.79891817255648,54.37981733065377,0.3888888888888889,-0.1711096784887077,0.777704979511383,-0.1045557468923099,-0.2756654253810177,187.67996981172928,0.009274544634632,0.3127341564221717,1.0,#885,1501.4397584937487,0.2080583019621822,324.00802981936215,0.8688150562628434,194.0,0.3490502037185242,471.0,490.0,0.5277777777777778,0.0024887144803076,1.733376746544342,0.2135065505087313,0.2159952649890389,75.07198792468532,-0.1807887773683489,0.0956329580239146,0.1854709701703208,6.0,5.0,475.663818359375,0.0684895421737527,0.1576491294123983,0.1166420586374182,0.0927247353731107,0,0.8158670809415978,0.8158670809415978,0.0914081836852914,0.3186856022169455,0.1111111111111111,0.5871770695221727,8,1.0,0.7235508894279209,0.7235508894279209,194,D_background,land,1.0,0.4516129032258064,structure_0193,1,193,arc_0886,#885,54.37981733065379,29.79891817255648,324.00802981936215,648.0160596387243,1,arc_0886,324.00802981936215,324.00802981936215,0.7101390160743544,D_background,land,0.662587828729891,0.3374121712701091,accretionary complex;foredeep basin;magmatic province;orogenic belt;volcanic arc,0.1576491294123983,1,9.12760251727411,,Dextral-Normal,3469.6767246129148,1,2,0.0281709145367873,intersects_active_fault,False,,,,,,,,,,,,,,,,,,,,,,,,,,,,,,,,,,,0.7101390160743544,1.0,0.8305044319782696,0.8423508705876017,0.8537976442922197,True,False,False,False,False,False,False,True,review priority; not impact probability,21
1.0.0,one original arcuate geometry,arc_0852,852,#850,,MultiPolygon,follow-up priority; not impact probability,visually identified arcuate geometry; not a confirmed crater or shock boundary,screening concordance; circular anomalies are physically plausible but non-diagnostic,0.4722222222222222,0.2257921551447776,0.96,1.0,0.0,62.5,85.5,1,36.29999923706055,3.0,7.099999904632568,1.7000000476837158,2.7200000286102295,6.199999809265137,0.0,1.0,19.28428105235559,0.7122781563360374,0.3383794221873531,0.0,0.6616205778126469,2.0,orogenic belt,1.0,0.0060502943060192,0.1111111111111111,-0.0386791612426758,1.5155214178407126,0.3628211649151845,0.3241420036725088,7.685731271302252,0.3336258665242223,0.0954936641049518,1.0,0.1388888888888889,-0.11893053563205,1.0865575990762837,0.0859266238612724,-0.0330039117707776,7.685731271302252,0.2429281241570716,0.0672706208317626,1.0,0.0833333333333333,0.1573702686241028,0.8068149875171134,0.4950910322900225,0.6524613009141254,7.685731271302252,0.0697494737623588,0.0498432553622729,1.0,0.1111111111111111,-0.0302402355869162,1.506065507439494,0.3711775043688345,0.3409372687819182,7.685731271302252,0.3438392102651682,0.095396617289622,1.0,1.0,62.724490136676614,85.17207220260005,0.0277777777777777,-0.5751935406532045,1.1290690173690312,-0.2077737217809607,-0.7829672624341653,7.68561399635043,-0.4601518592367294,0.0328717059621669,1.0,#850,61.48491197085587,0.2320432678842293,9.642140526177794,0.939413062813476,183.0,0.2220317036417911,159.0,73.0,,,,,,3.074245598540171,,,0.0,1.0,1.0,14.933757781982422,0.0,0.0,0.0,0.0,0,1.0,1.0,0.0,-0.0,0.0,0.0,1,1.0,0.7265661913041732,0.7265661913041732,183,D_background,land,0.9609375,0.875,structure_0182,1,182,arc_0852,#850,85.17207220260002,62.724490136676614,9.642140526177794,19.28428105235559,1,arc_0852,9.642140526177794,9.642140526177794,0.7122781563360374,D_background,land,0.6616205778126469,0.3383794221873531,orogenic belt,0.0,1,1143.9256008636507,Mayna Fault,Sinistral,0.0,0,10,118.63813825964952,no_mapped_active_fault_within_radius,False,,,,,,,,,,,,,,,,,,,,,,,,,,,,,,,,,,,0.7122781563360374,0.9609375,0.8181309901832519,1.0,0.8529470453512169,True,False,True,False,False,False,False,True,review priority; not impact probability,23
1.0.0,one original arcuate geometry,arc_0593,593,#579,,MultiPolygon,follow-up priority; not impact probability,visually identified arcuate geometry; not a confirmed crater or shock boundary,screening concordance; circular anomalies are physically plausible but non-diagnostic,0.7916666666666666,0.6326782941147938,0.96,1.0,0.0,64.5,-163.5,1,30.699999809265137,2.859999895095825,6.599999904632568,0.3000000119209289,2.740000009536743,6.099999904632568,0.0,1.0,77.66204841078967,0.8382882342718209,0.0,0.0,1.0,0.0,,1.0,0.0090619732376135,0.5555555555555556,-0.019335229782436,1.3569337111710842,0.164124987686177,0.144789757903741,32.188389533644205,0.045358988335213,0.480135360351099,1.0,0.5833333333333334,0.6121597623734426,1.3732426728869476,-1.1303446626140754,-0.5181849002406328,32.188389533644205,0.0570086615304986,0.4961906175268653,1.0,0.5555555555555556,0.7445183629500155,1.269281364252076,-1.023395957356155,-0.2788775944061394,32.188389533644205,-0.0640998528664907,0.437113775268062,1.0,0.5555555555555556,0.0499538791486787,1.343821527264594,0.1230740409795337,0.1730279201282125,32.188389533644205,0.0409974280822804,0.4758844388949044,1.0,1.0,64.93493001950446,-163.21620793710272,0.4166666666666667,-0.1500479899164793,1.0069219305982322,-0.181905965342713,-0.3319539552591924,32.19158183588573,0.2356018049292759,0.3641401952109305,1.0,#579,257.5326546873054,0.0222502281534358,38.83102420539483,0.939413062813476,4.0,0.5598936725311245,346.0,293.0,,,,,,12.876632734352096,,,0.0734824281150159,2.0,1.0,144.6664981842041,0.0106893682391346,0.0910031079322383,0.0215346217842058,0.0010707151418298,0,0.9331841789852178,0.9331841789852178,0.0657451058729524,0.1458725550069929,0.0,0.4963805887212998,6,1.0,0.7926772234254114,0.7926772234254114,1,A_cross_layer,land,0.8539823008849557,0.6991150442477876,structure_0004,1,4,arc_0593,#579,-163.21620793710272,64.93493001950446,38.83102420539483,77.66204841078967,1,arc_0593,38.83102420539483,38.83102420539483,0.8382882342718209,A_cross_layer,land,1.0,0.0,,0.0910031079322383,1,25.28993098793565,,Normal,54.21656027720646,1,2,0.6512815849040133,intersects_active_fault,False,,,,,,,,,,,,,,,,,,,,,,,,,,,,,,,,,,,0.8382882342718209,0.8539823008849557,0.8460624944248823,0.9089968920677617,0.8524214300273256,True,False,False,False,False,False,False,True,review priority; not impact probability,24
1.0.0,one original arcuate geometry,arc_0576,576,#570,,MultiPolygon,follow-up priority; not impact probability,visually identified arcuate geometry; not a confirmed crater or shock boundary,screening concordance; circular anomalies are physically plausible but non-diagnostic,0.5,0.316466689846174,0.94,0.3604477885978211,0.1414213562373095,66.5,-172.5,1,33.99000072479248,2.9100000858306885,6.900000095367432,0.0099999997764825,2.6700000762939453,5.900000095367432,0.0,1.0,18.25616567892397,0.709752027387693,0.0,0.0,1.0,0.0,,1.0,0.0061665130459947,0.0833333333333333,-0.3133206674840195,0.7596212492106192,0.7946131024587537,0.4812924349747343,7.7269737179530225,0.2964354962508338,0.059641567429869,1.0,0.0555555555555555,0.4841326198772713,0.6932088481823939,-0.9189263282253984,-0.4347937083481272,7.7269737179530225,0.2089660926213693,0.0538113301685298,1.0,0.0555555555555555,0.5951919587607488,1.053795956324708,0.0003660935536806,0.5955580523144295,7.7269737179530225,0.2713434697390072,0.0601097474132996,1.0,0.0833333333333333,-0.3033089634056596,0.7648826786972643,0.7979206211316796,0.49461165772602,7.7269737179530225,0.3044954958449327,0.0599701234401463,1.0,1.0,66.03097995880297,-172.1675146638494,0.0555555555555555,-0.324040910020785,0.7797305666483829,0.3924469883006046,0.0684060782798196,7.727740045062809,-0.303929198690002,0.0329105474532466,1.0,#570,61.82192036055519,0.0197376019800016,9.128082839461984,0.8688150562628434,195.0,0.3063085985346955,170.0,69.0,,,,,,3.0910960180245963,,,0.0,1.0,1.0,109.18801879882812,0.0,0.0,0.0,0.0,0,1.0,1.0,0.0,-0.0,0.0,0.0,1,1.0,0.6278872145996064,0.6278872145996064,195,D_background,land,0.953125,0.890625,structure_0194,1,194,arc_0576,#570,-172.1675146638494,66.03097995880297,9.128082839461984,18.256165678923967,1,arc_0576,9.128082839461984,9.128082839461984,0.709752027387693,D_background,land,1.0,0.0,,0.0,1,316.86994250380087,,Normal,0.0,0,10,34.71374527123348,no_mapped_active_fault_within_radius,False,,,,,,,,,,,,,,,,,,,,,,,,,,,,,,,,,,,0.709752027387693,0.953125,0.8136288973413976,1.0,0.8482946623244618,True,False,True,False,False,False,False,True,review priority; not impact probability,25
1.0.0,one original arcuate geometry,arc_0710,710,#693,,MultiPolygon,follow-up priority; not impact probability,visually identified arcuate geometry; not a confirmed crater or shock boundary,screening concordance; circular anomalies are physically plausible but non-diagnostic,0.2916666666666667,0.4993898796953334,1.1,0.3604477885978211,0.1414213562373095,52.5,50.5,1,36.93000030517578,2.950000047683716,7.0,3.0,2.7200000286102295,6.099999904632568,0.0,1.0,81.7409999816308,0.6969547640336382,0.0,0.0,1.0,0.0,,1.0,0.0044611671812924,0.5833333333333334,0.2556387672663417,1.4132168321185974,0.0064918903003459,0.2621306575666876,28.126377256642975,0.3434743483695651,0.5566348691817676,1.0,0.6666666666666666,-0.5445497761445216,1.436117407772374,0.7907385463303225,0.2461887701858008,28.126377256642975,0.4674568882348407,0.613264591026109,1.0,0.5555555555555556,-0.067182079207485,1.3706101901089955,0.4229235434881165,0.3557414642806315,28.126377256642975,0.3176898886863905,0.5313977722410821,1.0,0.5833333333333334,0.2449271570548423,1.4375817693428163,0.036610240298024,0.2815373973528664,28.126377256642975,0.3475815001577685,0.563484820743087,1.0,1.0,52.062296267387595,50.198474083948504,0.25,0.0427032266119881,0.7506387782145061,-0.2609250530786152,-0.218221826466627,28.125948082186923,-0.1451902539266073,0.2370917055628437,1.0,#693,225.0075846576873,0.2902856182409606,40.8704999908154,0.6766338461617285,255.0,0.4616371942649674,502.0,308.0,,,,,,11.25037923287285,,,0.0,1.0,1.0,41.43288612365723,0.0,0.0,0.0,0.0,0,1.0,1.0,0.0,-0.0,0.0,0.0,1,1.0,0.6114804667097925,0.6114804667097925,255,D_background,land,0.9601769911504424,0.247787610619469,structure_0253,1,253,arc_0710,#693,50.1984740839485,52.06229626738759,40.8704999908154,81.7409999816308,1,arc_0710,40.8704999908154,40.8704999908154,0.6969547640336382,D_background,land,1.0,0.0,,0.0,1,1113.5067508086772,,Reverse,0.0,0,10,27.244754800134803,no_mapped_active_fault_within_radius,False,,,,,,,,,,,,,,,,,,,,,,,,,,,,,,,,,,,0.6969547640336382,0.9601769911504424,0.8076604967641187,1.0,0.8457092898328363,True,False,False,True,False,False,False,True,review priority; not impact probability,26
